"","ASVs","baseMean","log2FoldChange","lfcSE","pvalue","padj"
"1","Neisseria",3201.31146402432,6.34974989418604e-05,0.00144334102260027,0.991667287750884,0.999177050006185
"2","Streptococcus",3011.24750212962,0.000108433528955696,0.00144465635959425,0.914638425037721,0.999177050006185
"3","Haemophilus",9590.89600335311,0.500441029864169,0.410876528862116,0.592383639699592,0.947813823519347
"4","Prevotella",1220.37978430661,2.34587605576885e-05,0.00144273792093011,0.644678797392507,0.971689781577112
"5","Moraxella",102.680188777309,-2.86151437575886e-06,0.00144269362962991,1.34897919799109e-05,0.000350734591477683
"6","Veillonella",579.845844865502,0.384892604267012,0.164159363067413,0.000620918857096723,0.00717506234867324
"7","Fusobacterium",372.020765728081,-2.81585211037842e-05,0.00144279776658281,0.00612680401947284,0.0490144321557827
"8","Porphyromonas",463.642560395876,-1.01278186318255e-05,0.00144267789101633,0.46634095899476,0.909739911361456
"9","Lautropia",274.07857115258,1.25140099704826,0.264640439562671,9.65120815505965e-08,5.01862824063102e-06
"10","Actinobacillus",266.112002596876,7.09391041668526e-09,0.00144269052826738,0.999177050006185,0.999177050006185
"11","Gemella",187.80934556582,-2.23971096018312e-06,0.0014426359588643,0.176667071706609,0.545349266563283
"12","Alloprevotella",347.604018197817,-0.000531979551023596,0.0014977994329129,0.169916287238406,0.545349266563283
"13","Leptotrichia",247.502558955423,-3.28109900785058e-06,0.00144267483878137,0.796938702277106,0.98032521778069
"14","Rothia",311.989197873251,0.652493256891655,0.253754289225428,0.000318052138812029,0.00472534606235015
"15","Aggregatibacter",91.1338101502753,-6.37209312480618e-06,0.00144269546154146,0.0297423760177914,0.181109340922342
"16","Granulicatella",200.557201878872,2.52322213265534e-06,0.00144262190925942,0.739599260055256,0.98032521778069
"17","Escherichia/Shigella",0.0494772048309115,-3.42125371292345e-07,0.00144269502528393,0.944667745974079,NA
"18","ASV_52",35.1540292804998,7.8404539295479e-07,0.0014426900465241,0.679325203084061,0.98032521778069
"19","Actinomyces",101.912764015016,0.633367709383892,0.259161681982247,0.000426828269142766,0.00554876749885596
"20","Pseudomonas",0.126409291679558,3.70189689571528e-07,0.00144269505394317,0.727210108330905,NA
"21","ASV_62",22.7680589619473,-9.69927396449047e-07,0.00144269081597481,0.105474925550542,0.438775690290255
"22","Campylobacter",39.4577701512943,5.08062622731775e-06,0.00144266827286408,0.28620478123368,0.692216215076807
"23","Bergeyella",25.9689613274043,-3.06025866935059e-07,0.00144268754747168,0.251401143543088,0.668057011169794
"24","ASV_68",24.0262021035894,-1.83526975595836e-07,0.00144269338110183,0.863799228769636,0.98032521778069
"25","ASV_77",26.65660325935,2.40270474663482e-06,0.00144268817750444,0.233213893803454,0.655520133934034
"26","Enterococcus",0.082790762479891,1.70416880440346e-07,0.00144269491621882,0.80425629336673,NA
"27","Dolosigranulum",2.28099513101695,1.34917053407263e-07,0.00144269452103947,0.734251023972493,0.98032521778069
"28","Corynebacterium",21.683768875735,2.00588090868384,0.598494678531766,0.0732023735508869,0.331002036925749
"29","Streptobacillus",12.5150925128115,-1.57544708369623e-06,0.00144269204637144,0.330858519540642,0.764650800716151
"30","Oribacterium",17.5737722988486,0.839809538069882,0.461775550977107,0.00145740814871768,0.0151570447466638
"31","ASV_112",14.9017225404378,-4.65550840044922e-07,0.00144269485471193,0.0542072581887322,0.268454992934674
"32","Stomatobaculum",15.1349048547048,-1.81239176953082e-06,0.00144268729673163,0.553830769659408,0.947813823519347
"33","Lachnoanaerobaculum",15.9702185847139,-2.59483645086867e-07,0.00144267791897195,0.955924185867593,0.999177050006185
"34","ASV_120",1.72729880935851,3.42966448477975e-08,0.0014426948586747,0.797973254077746,0.98032521778069
"35","ASV_126",0.10308769023663,3.56050402902702e-07,0.00144269505660965,0.877491025584449,NA
"36","Mannheimia",9.69845757642799,1.36829093469598e-07,0.00144269352907318,0.577026432058382,0.947813823519347
"37","TM7x",8.27420824412769,4.59204665639467e-06,0.00144269267999115,0.0313458474673284,0.181109340922342
"38","Tropheryma",0.77544423801276,1.71309354287824e-07,0.00144269482072372,0.472364953976141,0.909739911361456
"39","Solobacterium",4.6796545729339,-3.57919474904647e-06,0.00144268922330273,0.149989526196114,0.509908697300324
"40","Peptostreptococcus",5.68264458330719,2.4813305760346e-06,0.0014426875095596,0.297969811465703,0.704292281646206
"41","Abiotrophia",8.80504932748202,1.74494672136634e-06,0.00144269193138262,0.283893969254892,0.692216215076807
"42","Oceanivirga",1.06420688370335,4.55387607080086e-07,0.00144269465169489,0.119028481497754,0.470178554665521
"43","ASV_157",4.27160724991743,-2.24525471413357e-06,0.00144269549736707,0.00177848228368052,0.0168147415911613
"44","ASV_163",1.44458024233964,9.08123224722502e-07,0.00144269462329081,0.550156616762188,0.947813823519347
"45","ASV_180",3.95717958153428,1.15640591114791e-06,0.00144269461519558,0.014953468924948,0.0971975480121621
"46","ASV_182",2.05518175169707,-5.45292708846434e-08,0.00144269443143527,0.83688904342528,0.98032521778069
"47","ASV_187",1.30213085527947,-2.05554971188267e-06,0.00144269538457436,0.0105900254933219,0.0734241767536987
"48","Treponema",6.07205780704831,-4.09607705129117,0.713222699711902,4.69364511141387e-10,4.88139091587043e-08
"49","Eikenella",2.49618666155218,4.62563513925225e-07,0.00144269444834026,0.231041060316929,0.655520133934034
"50","ASV_203",0.421690791924976,-7.05146717551731e-08,0.00144269486797645,0.848017661122709,0.98032521778069
"51","ASV_205",1.8478898476948,-2.8242196003919e-06,0.00144269554404808,0.0049587829908765,0.042976119254263
"52","ASV_209",1.93327452100554,-4.82217559807076e-06,0.00144269787243407,4.02969744243212e-05,0.000838177068025882
"53","F0058",5.00034108226271,3.00136557933647,0.637163444430932,2.45678303315327e-07,8.51684784826467e-06
"54","ASV_214",0.236789641388454,-4.79058571757959e-07,0.00144269501978922,0.522848385806545,0.947813823519347
"55","ASV_216",1.01786238825994,-1.47237578843147e-06,0.00144269480871685,0.482749994663727,0.912836353545956
"56","Conchiformibius",6.04017553233706,7.80145836747162e-07,0.00144269345883686,0.423106619554169,0.862805655561443
"57","Hydrogenophaga",0.359760418542435,-6.63677608813536e-08,0.00144269467787966,0.362729275393152,0.799996985011287
"58","Catonella",4.1719275735103,1.84175286943745e-06,0.00144269077205187,0.590117466932253,0.947813823519347
"59","Candidatus_Saccharimonas",4.60336398294221,1.77355424339119,0.623956521034428,0.000204365074562131,0.00354232795907693
"60","ASV_239",1.27923158643488,-5.1884799171929e-07,0.00144269427558195,0.968256643182266,0.999177050006185
"61","ASV_242",0.164571889957899,-3.5553086439789e-07,0.00144269506027423,0.61556524636159,0.969981600327354
"62","Mogibacterium",2.18928086587841,2.9927276249028e-06,0.00144269316727231,0.0794176322706829,0.344143073172959
"63","Selenomonas",2.26582204601886,-1.78750183816367e-07,0.00144269207932391,0.673941061051163,0.98032521778069
"64","ASV_260",0.803241775256475,2.25819899729467e-07,0.00144269485090056,0.986394594724429,0.999177050006185
"65","Cardiobacterium",2.44616819427941,1.46462212372736e-06,0.001442692732305,0.246247766138007,0.668057011169794
"66","ASV_269",0.0323144341994076,-3.57519120676979e-07,0.0014426950605249,0.872575873636269,NA
"67","ASV_280",0.662201415923913,-5.91165286326781e-07,0.00144269509721135,0.178287260222612,0.545349266563283
"68","ASV_283",1.18252046885243,-1.17391378139188e-07,0.0014426944278726,0.978448883783738,0.999177050006185
"69","Comamonas",0.769278347826565,-1.1011060441136e-06,0.00144269488504436,0.256945004296075,0.668057011169794
"70","ASV_286",0,1.86873151599933e-07,0.00144269491967272,1,NA
"71","Capnocytophaga",6.43861995406768,5.21162109979872e-06,0.00144269472898451,0.00835440980655149,0.0620613299915254
"72","Kingella",2.56765100006261,-2.22095515839644e-07,0.00144269332140983,0.942321192806028,0.999177050006185
"73","Butyrivibrio",0.83879283991217,7.01620940860715e-07,0.0014426936235967,0.577380799349041,0.947813823519347
"74","ASV_307",0.356145870165692,-3.40524292825991e-07,0.00144269467849252,0.696659580054755,0.98032521778069
"75","Mycoplasma",2.04969505961904,1.72039363507911e-06,0.00144269345196988,0.194265999636499,0.577247541777027
"76","Atopobium",4.2514003208691,2.29341330416735e-06,0.0014426916773671,0.122065586307395,0.470178554665521
"77","Tannerella",2.73344761089741,2.20882733684629e-06,0.00144269319231397,0.139131751195366,0.498955245666139
"78","Parvimonas",0.817772066339822,8.73071485743928e-07,0.00144269388330238,0.151992015541443,0.509908697300324
"79","ASV_329",0.0863832184617573,-1.99623453621015e-07,0.0014426949227041,0.739125450905646,NA
"80","ASV_331",1.57871413967184,1.98616321596241e-06,0.00144269469572317,0.0408094109532152,0.223377828375494
"81","Filifactor",0.386685879075044,-8.00719040342344e-07,0.00144269498447248,0.406191090268277,0.844877467758017
"82","Dialister",0.48761634631138,-1.54296342719155e-07,0.00144269453896709,0.681959945292014,0.98032521778069
"83","ASV_339",0.251241006922888,4.77771811194913e-07,0.00144269501284477,0.807994857287358,0.98032521778069
"84","Peptococcus",0.719503230161116,-2.69045379939272e-06,0.00144269447904181,0.0540203190747754,0.268454992934674
"85","Staphylococcus",0.043500231133502,-1.16597802609545e-07,0.00144269488200509,0.893927158195918,NA
"86","Hyphomicrobium",0.0956596019860665,-2.08502704775156e-08,0.00144269483738244,0.769489982188076,NA
"87","ASV_383",0.741536776703961,-9.58777800316779e-07,0.00144269504141228,0.0705749669981531,0.331002036925749
"88","Psychrobacter",0.08027030027414,3.60857390173498e-07,0.00144269505894908,0.82108663554737,NA
"89","ASV_409",0.877282757168537,2.99248164592263e-07,0.00144269445929224,0.722988692413049,0.98032521778069
"90","F0332",0.531411474356223,-2.96170684289902e-07,0.00144269436381456,0.447940867735508,0.895881735471015
"91","ASV_422",0.0488824637111072,-1.45290263720753e-07,0.00144269490155375,0.885253170036237,NA
"92","ASV_428",0,2.27833897157814e-07,0.00144269494235486,1,NA
"93","Peptoanaerobacter",0.28931032253431,-1.0197889534214e-06,0.00144269519362674,0.277677550923537,0.692216215076807
"94","Delftia",0.0604380544501493,-2.26312760673316e-07,0.0014426948969937,0.868655777393934,NA
"95","Sphingopyxis",0.0590654833207114,-2.28387443908185e-07,0.00144269489908575,0.898979834524514,NA
"96","Lentimicrobium",0.480893293458652,-1.13198144586824e-06,0.00144269516530419,0.132138049742124,0.490798470470746
"97","ASV_461",0.178483299334687,-5.80647023799257e-07,0.00144269505282249,0.50395319113708,0.935913069254578
"98","Leuconostoc",0.0698046680971594,-2.35947062932952e-07,0.001442694912812,0.877491025617738,NA
"99","ASV_472",0.264552412731594,4.47949255167984e-08,0.00144269483978662,0.764027807631749,0.98032521778069
"100","ASV_485",0.150868534719956,-3.51434557703726e-07,0.00144269505503744,0.640189458463357,0.971689781577112
"101","Amnipila",0.256771376259611,-5.76966280763724e-07,0.00144269504236317,0.373177843559025,0.799996985011287
"102","Rodentibacter",0.34526253515282,-1.0877916409488e-07,0.00144269488354707,0.759682206260503,0.98032521778069
"103","Bulleidia",0.186238675112463,8.64885022852357e-08,0.00144269481009719,0.771663539309311,0.98032521778069
"104","Anaeroglobus",0.190591785508427,-2.42538835608231e-07,0.00144269487912427,0.956103881886099,0.999177050006185
"105","Shuttleworthia",0.374107044853154,-6.59141167307775e-07,0.00144269495391715,0.370850914684306,0.799996985011287
"106","ASV_508",0.141753187198319,-3.47695826337125e-07,0.00144269505163384,0.69990632809405,NA
"107","Rikenellaceae_RC9_gut_group",0.0673280965724642,-3.38051552475459e-07,0.00144269504331029,0.762727079632298,NA
"108","ASV_525",0.0585096219913669,-3.02620331099332e-07,0.0014426950035129,0.974845794877498,NA
"109","Alysiella",0.320154413996532,-3.56805158488558e-08,0.00144269486078968,0.743156644429079,0.98032521778069
"110","ASV_529",0.0269628967113441,2.16236933734981e-07,0.00144269496267098,0.891959410973654,NA
"111","ASV_540",0.318366429994554,8.49484519403629e-07,0.00144269502212598,0.376921656399549,0.799996985011287
"112","ASV_543",0,1.40414067601598e-07,0.00144269490837264,1,NA
"113","ASV_561",0.0922910294549886,3.82091584552338e-09,0.00144269486824949,0.969812196219517,NA
"114","Carnobacterium",0,3.57036346093641e-07,0.00144269505713418,1,NA
"115","ASV_586",0,-2.78910049898509e-07,0.00144269495004958,1,NA
"116","Defluviitaleaceae_UCG-011",0.111452802559363,-3.44953180227543e-07,0.00144269504940048,0.681730289165917,NA
"117","ASV_591",0,-4.94132025102348e-08,0.00144269486537547,1,NA
"118","ASV_596",0.0541369612948943,-9.55842840386427e-08,0.00144269488153374,0.925544037456077,NA
"119","ASV_613",0,-7.97753086104458e-08,0.00144269487337264,1,NA
"120","ASV_639",0.160738165345474,-2.16679285063115e-07,0.00144269493868118,0.704685507519506,0.98032521778069
"121","ASV_644",0.173679536136728,2.63062576898782e-07,0.00144269496862531,0.917655029377075,0.999177050006185
"122","Alloscardovia",0.08949444061647,-3.14974628868856e-07,0.00144269501575883,0.739125450903058,NA
"123","ASV_653",0.0574817205627254,2.07804922195299e-07,0.00144269492735113,0.942040710051931,NA
"124","Centipeda",0.262820521377899,1.0578351820262e-07,0.00144269474066533,0.82127761523646,0.98032521778069
"125","ASV_682",0.0326429359316781,3.09047896533374e-07,0.00144269502347353,0.923868786791852,NA
"126","ASV_689",0.190632490872045,2.79986376297762e-07,0.00144269498251286,0.867210769575226,0.98032521778069
"127","Family_XIII_UCG-001",0.141585276324999,-3.93023211001053e-07,0.00144269485111915,0.668102623285929,NA
"128","Fretibacterium",0.125887922416947,-4.07856981563564e-07,0.00144269494922232,0.76677752264248,NA
"129","ASV_761",0.0626517695579538,-3.28042032645557e-07,0.00144269503123056,0.910575211079528,NA
"130","ASV_767",0.198903201247623,2.28658451627086e-07,0.00144269494057289,0.62564656359557,0.971152874834914
"131","Lactobacillus",0.173404030020976,-1.27451403289325e-07,0.00144269485571756,0.858882255287011,0.98032521778069
"132","Johnsonella",0.605521538453752,-5.44163648998399e-07,0.00144269412396756,0.554613841009051,0.947813823519347
"133","ASV_817",0.10447887882495,-2.07990809670539e-07,0.00144269490382402,0.807400567639781,NA
"134","ASV_844",0.0528749860708858,-3.44704018381701e-07,0.0014426950488361,0.807809657410638,NA
"135","ASV_854",0.149855288551843,2.2354325674767e-08,0.00144269486638095,0.958092209125191,0.999177050006185
"136","ASV_860",0.16839297787773,-8.25633224250257e-08,0.00144269487509763,0.833499512239585,0.98032521778069
"137","ASV_894",0.0437866505103661,-3.29346311261455e-07,0.00144269503639399,0.816802098386288,NA
"138","ASV_897",0.0526879687982543,-3.47663894158518e-07,0.00144269505145734,0.795096241510474,NA
"139","Scardovia",0.124732600847476,3.38847045331566e-07,0.00144269504473102,0.762904612163224,NA
"140","Acinetobacter",0.283579537760125,4.82718415895193e-07,0.00144269502137518,0.561887745857465,0.947813823519347
"141","ASV_934",0.092569558093017,-1.88512736223934e-07,0.00144269492193664,0.867694075528981,NA
"142","Olsenella",0.0453883037860361,-2.56956092475086e-07,0.00144269496499811,0.81247880500585,NA
"143","Prevotellaceae_YAB2003_group",0.0916639452643874,2.69191910451751e-07,0.00144269497683026,0.949857870556304,NA
"144","ASV_1004",0.0516847900073079,-1.95879690370739e-07,0.0014426949240128,0.977084407423277,NA
"145","Desulfomicrobium",0.0311292400021239,-3.24840808830215e-07,0.00144269503024112,0.868562216894603,NA
"146","ASV_1054",0.138849109291471,4.28500478766722e-07,0.00144269505651967,0.739680391024128,NA
"147","ASV_1095",0.0413966491228611,-2.76017322651461e-07,0.00144269498713041,0.842661058569092,NA
"148","ASV_1121",0.0622652585533891,-4.48614875742721e-08,0.00144269484694189,0.960952871339681,NA
"149","ASV_1212",0.0400987447980504,-3.26903798866866e-07,0.00144269503460022,0.854075923737385,NA
"150","ASV_1230",0.107096156452551,2.05828830241798e-08,0.00144269493992489,0.852238250751119,NA
"151","ASV_1234",0.0338004015889324,3.71513276450004e-08,0.00144269487843851,0.968610515162999,NA
"152","ASV_1235",0.0288051546793034,-1.55632538731999e-07,0.00144269490322448,0.95894108900325,NA
"153","ASV_1258",0.0590248497678207,-3.38873789914849e-07,0.00144269504168932,0.794478993982595,NA
"154","ASV_1272",0.141627393690679,2.91407588857783e-07,0.00144269492990096,0.749504596439255,NA
"155","ASV_1306",0.0183477608383061,2.82925347838385e-07,0.00144269500993529,0.988488255565837,NA
"156","ASV_1325",0.0456771653194893,-1.48915784013813e-07,0.00144269490507312,0.901067007542093,NA
"157","Pantoea",0.279446370623835,-3.30860410641544e-07,0.00144269503207959,0.917809907695133,0.999177050006185
"158","ASV_1343",0.035585731511477,2.21072900038388e-07,0.00144269501658552,0.929776879575967,NA
"159","ASV_1398",0.0484648637090906,3.38840439662839e-07,0.00144269504499183,0.904117884767852,NA
"160","ASV_1415",0.143408322551831,3.41157525311192e-07,0.00144269504627359,0.780032997510842,0.98032521778069
"161","Desulfobulbus",0.0466505823006807,-2.1741564128801e-07,0.00144269502679188,0.809362654715605,NA
"162","ASV_1504",0.0542146240755353,-8.49155348861165e-08,0.001442694882229,0.906780192887768,NA
"163","Erysipelotrichaceae_UCG-006",0.0606553187955859,-3.36406577862088e-07,0.00144269504193572,0.776819135033773,NA
"164","ASV_1531",0.0212627835873518,-3.09018171879888e-07,0.0014426950220725,0.880282045463861,NA
"165","Brevundimonas",0.0299141421926331,3.37120521154127e-07,0.00144269504336221,0.95894108900325,NA
"166","DMI",0.0330599894924219,-3.22993203430772e-07,0.00144269503139639,0.845020214395956,NA
"167","Brevibacterium",0.0351498696798696,3.38624054615136e-07,0.0014426950444364,0.92924965199564,NA
"168","Pseudoramibacter",0.0163256882197986,1.37177109118636e-07,0.00144269491218653,0.99337242628392,NA
"169","ASV_1867",0.0365251173481304,1.74587613570388e-09,0.00144269487278548,0.960563046460996,NA
"170","ASV_1888",0.0186915386279098,-3.09408550919278e-07,0.00144269501964369,0.888737870968621,NA
"171","ASV_1939",0.0214916526945131,-3.4529204546751e-07,0.00144269502550504,0.898216305872143,NA
